"001_01.PNG","001","1","1"
"001_02.PNG","001","1","1"
"001_03.PNG","001","1","-1"
"001_04.PNG","001","1","1"
"001_05.PNG","001","1","1"
"001_06.PNG","001","1","1"
"001_07.PNG","001","1","-1"
"001_08.PNG","001","1","1"
"001_09.PNG","001","1","-1"
"001_10.PNG","001","1","1"
"001_11.PNG","001","1","1"
"001_12.PNG","001","1","1"
"001_13.PNG","001","1","1"
"001_14.PNG","001","1","1"
"001_15.PNG","001","1","-1"
"001_16.PNG","001","1","1"
"001_17.PNG","001","1","1"
"001_18.PNG","001","1","1"
"001_19.PNG","001","1","1"
"001_20.PNG","001","1","-1"
"001_21.PNG","001","1","1"
"001_22.PNG","001","1","-1"
"001_23.PNG","001","1","-1"
"001_24.PNG","001","1","-1"
"002_01.PNG","002","1","-1"
"002_02.PNG","002","1","-1"
"002_03.PNG","002","1","-1"
"002_04.PNG","002","1","-1"
"002_05.PNG","002","1","-1"
"002_06.PNG","002","1","-1"
"002_07.PNG","002","1","-1"
"002_08.PNG","002","1","-1"
"002_09.PNG","002","1","-1"
"002_10.PNG","002","1","-1"
"002_11.PNG","002","1","-1"
"002_12.PNG","002","1","-1"
"002_13.PNG","002","1","1"
"002_14.PNG","002","1","1"
"002_15.PNG","002","1","1"
"002_16.PNG","002","1","1"
"002_17.PNG","002","1","1"
"002_18.PNG","002","1","1"
"002_19.PNG","002","1","1"
"002_20.PNG","002","1","1"
"002_21.PNG","002","1","1"
"002_22.PNG","002","1","1"
"002_23.PNG","002","1","1"
"002_24.PNG","002","1","1"
"003_01.PNG","003","1","-1"
"003_02.PNG","003","1","-1"
"003_03.PNG","003","1","-1"
"003_04.PNG","003","1","-1"
"003_05.PNG","003","1","-1"
"003_06.PNG","003","1","-1"
"003_07.PNG","003","1","-1"
"003_08.PNG","003","1","-1"
"003_09.PNG","003","1","-1"
"003_10.PNG","003","1","-1"
"003_11.PNG","003","1","-1"
"003_12.PNG","003","1","-1"
"003_13.PNG","003","1","-1"
"003_14.PNG","003","1","-1"
"003_15.PNG","003","1","-1"
"003_16.PNG","003","1","-1"
"003_17.PNG","003","1","-1"
"003_18.PNG","003","1","-1"
"003_19.PNG","003","1","-1"
"003_20.PNG","003","1","-1"
"003_21.PNG","003","1","-1"
"003_22.PNG","003","1","-1"
"003_23.PNG","003","1","-1"
"003_24.PNG","003","1","-1"
"004_01.PNG","004","1","-1"
"004_02.PNG","004","1","-1"
"004_03.PNG","004","1","-1"
"004_04.PNG","004","1","-1"
"004_05.PNG","004","1","-1"
"004_06.PNG","004","1","-1"
"004_07.PNG","004","1","-1"
"004_08.PNG","004","1","-1"
"004_09.PNG","004","1","-1"
"004_10.PNG","004","1","-1"
"004_11.PNG","004","1","-1"
"004_12.PNG","004","1","-1"
"004_13.PNG","004","1","-1"
"004_14.PNG","004","1","-1"
"004_15.PNG","004","1","-1"
"004_16.PNG","004","1","-1"
"004_17.PNG","004","1","-1"
"004_18.PNG","004","1","-1"
"004_19.PNG","004","1","-1"
"004_20.PNG","004","1","1"
"004_21.PNG","004","1","-1"
"004_22.PNG","004","1","-1"
"004_23.PNG","004","1","-1"
"004_24.PNG","004","1","-1"
"006_02.PNG","006","1","-1"
"006_03.PNG","006","1","-1"
"006_04.PNG","006","1","-1"
"006_05.PNG","006","1","-1"
"006_06.PNG","006","1","-1"
"006_07.PNG","006","1","-1"
"006_08.PNG","006","1","-1"
"006_09.PNG","006","1","-1"
"006_10.PNG","006","1","-1"
"006_11.PNG","006","1","-1"
"006_12.PNG","006","1","-1"
"006_13.PNG","006","1","-1"
"006_14.PNG","006","1","-1"
"006_15.PNG","006","1","-1"
"006_16.PNG","006","1","-1"
"006_17.PNG","006","1","-1"
"006_18.PNG","006","1","-1"
"006_19.PNG","006","1","-1"
"006_20.PNG","006","1","-1"
"006_21.PNG","006","1","-1"
"006_22.PNG","006","1","-1"
"006_23.PNG","006","1","-1"
"006_24.PNG","006","1","-1"
"009_01.PNG","009","1","-1"
"009_02.PNG","009","1","-1"
"009_03.PNG","009","1","-1"
"009_04.PNG","009","1","-1"
"009_05.PNG","009","1","-1"
"009_06.PNG","009","1","-1"
"009_07.PNG","009","1","-1"
"009_08.PNG","009","1","-1"
"009_09.PNG","009","1","-1"
"009_10.PNG","009","1","-1"
"009_11.PNG","009","1","-1"
"009_12.PNG","009","1","-1"
"009_13.PNG","009","1","-1"
"009_14.PNG","009","1","-1"
"009_15.PNG","009","1","-1"
"009_16.PNG","009","1","-1"
"009_17.PNG","009","1","-1"
"009_18.PNG","009","1","-1"
"009_19.PNG","009","1","-1"
"009_20.PNG","009","1","-1"
"009_21.PNG","009","1","-1"
"009_22.PNG","009","1","-1"
"009_23.PNG","009","1","-1"
"009_24.PNG","009","1","-1"
"012_01.PNG","012","1","-1"
"012_02.PNG","012","1","-1"
"012_03.PNG","012","1","-1"
"012_04.PNG","012","1","-1"
"012_05.PNG","012","1","-1"
"012_06.PNG","012","1","-1"
"012_07.PNG","012","1","-1"
"012_08.PNG","012","1","-1"
"012_09.PNG","012","1","-1"
"012_10.PNG","012","1","-1"
"012_11.PNG","012","1","-1"
"012_12.PNG","012","1","-1"
"012_13.PNG","012","1","-1"
"012_14.PNG","012","1","-1"
"012_15.PNG","012","1","-1"
"012_16.PNG","012","1","-1"
"012_17.PNG","012","1","-1"
"012_18.PNG","012","1","-1"
"012_19.PNG","012","1","-1"
"012_20.PNG","012","1","-1"
"012_21.PNG","012","1","-1"
"012_22.PNG","012","1","-1"
"012_23.PNG","012","1","-1"
"012_24.PNG","012","1","-1"
"014_01.PNG","014","1","-1"
"014_02.PNG","014","1","-1"
"014_03.PNG","014","1","-1"
"014_04.PNG","014","1","-1"
"014_05.PNG","014","1","-1"
"014_06.PNG","014","1","-1"
"014_07.PNG","014","1","-1"
"014_08.PNG","014","1","-1"
"014_09.PNG","014","1","-1"
"014_10.PNG","014","1","-1"
"014_11.PNG","014","1","-1"
"014_12.PNG","014","1","-1"
"014_13.PNG","014","1","-1"
"014_14.PNG","014","1","-1"
"014_15.PNG","014","1","-1"
"014_16.PNG","014","1","-1"
"014_17.PNG","014","1","-1"
"014_18.PNG","014","1","-1"
"014_19.PNG","014","1","-1"
"014_20.PNG","014","1","-1"
"014_21.PNG","014","1","-1"
"014_22.PNG","014","1","-1"
"014_23.PNG","014","1","-1"
"014_24.PNG","014","1","-1"
"015_01.PNG","015","1","-1"
"015_02.PNG","015","1","1"
"015_03.PNG","015","1","-1"
"015_04.PNG","015","1","-1"
"015_05.PNG","015","1","-1"
"015_06.PNG","015","1","-1"
"015_07.PNG","015","1","-1"
"015_08.PNG","015","1","-1"
"015_09.PNG","015","1","-1"
"015_10.PNG","015","1","-1"
"015_11.PNG","015","1","-1"
"015_12.PNG","015","1","-1"
"015_13.PNG","015","1","-1"
"015_14.PNG","015","1","-1"
"015_15.PNG","015","1","-1"
"015_16.PNG","015","1","-1"
"015_17.PNG","015","1","-1"
"015_18.PNG","015","1","-1"
"015_19.PNG","015","1","-1"
"015_20.PNG","015","1","-1"
"015_21.PNG","015","1","-1"
"015_22.PNG","015","1","-1"
"015_23.PNG","015","1","-1"
"015_24.PNG","015","1","-1"
"016_01.PNG","016","1","-1"
"016_02.PNG","016","1","-1"
"016_03.PNG","016","1","-1"
"016_04.PNG","016","1","-1"
"016_05.PNG","016","1","-1"
"016_06.PNG","016","1","-1"
"016_07.PNG","016","1","-1"
"016_08.PNG","016","1","-1"
"016_09.PNG","016","1","-1"
"016_10.PNG","016","1","-1"
"016_11.PNG","016","1","-1"
"016_12.PNG","016","1","-1"
"016_13.PNG","016","1","-1"
"016_14.PNG","016","1","-1"
"016_15.PNG","016","1","-1"
"016_16.PNG","016","1","-1"
"016_17.PNG","016","1","-1"
"016_18.PNG","016","1","-1"
"016_20.PNG","016","1","-1"
"016_21.PNG","016","1","-1"
"016_22.PNG","016","1","-1"
"016_23.PNG","016","1","-1"
"016_24.PNG","016","1","-1"
